Model,Accuracy,Precision,Recall,F1_Score,AUC_ROC
Decision Tree - Baseline,0.6837994156579811,0.6886142047077061,0.6710128796311019,0.679699611427651,0.6837991615232267
Decision Tree - Tuned,0.7126786317651501,0.6750310802852844,0.8202019398950549,0.7405692545134777,0.7599960892439178
