Model,Accuracy,Precision,Recall,F1_Score,AUC_ROC
MLP - Baseline,0.8017212251306819,0.7160423545485597,1.0,0.8345276008492569,0.800436545977349
MLP - Tuned,0.8017212251306819,0.7160423545485597,1.0,0.8345276008492569,0.8016789282656167
