Model,Accuracy,Precision,Recall,F1_Score,AUC_ROC
Random Forest - Baseline,0.7518335221513327,0.7109276153692482,0.8487835903959294,0.7737633629280667,0.7996588105027664
Random Forest - Tuned,0.7778705304792002,0.6945124666073018,0.992129114326602,0.817062790545407,0.7955395459178152
