Model,Accuracy,Precision,Recall,F1_Score,AUC_ROC
Random Forest - Baseline,0.7917834356925646,0.7086175534333788,0.9910955636826204,0.8263838249917136,0.8158732171345411
Random Forest - Tuned,0.791823186850317,0.7069169626247251,0.9969788519637462,0.8272586337698321,0.8206530819179357
